[{"message": "Is anyone selling a laptop - preferable a Mac?", "title": "Is anyone selling a laptop - preferable a Mac? ..."}, {"message": "The goal for $2\n\u6218\u4e89\u8bba for $1\nThe History of Western Philosophy for $3\n\u901a\u5f80\u5974\u5f79\u4e4b\u8def for $2\nCome on, the prices are ridiculous now!", "title": "The goal for $2 \u6218\u4e89\u8bba for $1 The History of ..."}, {"message": "Is there anyone who can let me borrow a parking pass for the week before spring break?? I'll pay if I need to.", "title": "Is there anyone who can let me borrow a parking ..."}, {"message": "Selling Lenovo Wireless Mouse- $15", "title": "Selling Lenovo Wireless Mouse- $15 ..."}, {"message": "Selling:\nIkea twin size matress $35 (available from feb. 25th)\nCoach leather cleaner $5 (used once)\n(SOLD) Lamp + extra bulb $5 \n(SOLD) String lights $5\n\nEverything was used for 1 semester\nAvailable for pick up on east campus", "title": "Selling: Ikea twin size matress $35 (available from feb. 25th) ..."}, {"message": "I'm selling my entire household because I'm moving out soon. Bed, mattress, tables, chairs, TomorrowWorld camping equipment, futon, kitchen stuff, etc. Prices are negotiable. Check it out.\nhttp://atlanta.craigslist.org/atl/fuo/4902912427.html", "title": "I'm selling my entire household because I'm moving out soon. ..."}, {"message": "My other post http://atlanta.craigslist.org/atl/ele/4902866756.html", "title": "My other post http://atlanta.craigslist.org/atl/ele/4902866756.html ..."}, {"message": "Does anyone have the textbook for Econ2101 - A Survey of Economics: Principles, Applications and Tools??", "title": "Does anyone have the textbook for Econ2101 - A Survey ..."}, {"message": "Selling brand new unused faux fur vest. Price is negotiable (Around $35).", "title": "Selling brand new unused faux fur vest. Price is negotiable ..."}, {"message": "does anybody have an old AT&T phone they aren't using that I could borrow for a bit or buy off of you? I cracked the screen on my phone and can't use it. also if anyone here can fix screens that would help too. it's an LG Optimus G. Let me know! Any help is appreciated :)", "title": "does anybody have an old AT&T phone they aren't using ..."}]