[{"category": "Others", "picture": "", "title": " ...", "author_name": "Zack Koontz", "post_id": "199456403537988_452689844881308", "link_to_post": null, "date": "2015-03-22T14:39:45+0000", "message": "", "author_id": "10153181082429882"}, {"category": "Others", "picture": "", "title": "Lookin' to buy an electric kettle.... ...", "author_name": "Chrissy Warrilow", "post_id": "199456403537988_452617984888494", "link_to_post": null, "date": "2015-03-22T11:07:24+0000", "message": "Lookin' to buy an electric kettle....", "author_id": "10101219953789749"}, {"category": "Others", "picture": "", "title": " ...", "author_name": "John Hudgins", "post_id": "199456403537988_452559294894363", "link_to_post": null, "date": "2015-03-22T07:39:33+0000", "message": "", "author_id": "10200255747834107"}, {"category": "Clothing, Shoes & Jewelery", "picture": "", "title": "Any ladies interested in purchasing clothes? I am doing a ...", "author_name": "Lillian Davis", "post_id": "199456403537988_452556154894677", "link_to_post": null, "date": "2015-03-22T07:23:57+0000", "message": "Any ladies interested in purchasing clothes? I am doing a spring cleaning of my closet, and have many sweaters, t-shirts, pants, and shoes in good condition. If so, I can post pics and prices!", "author_id": "10203911894093767"}, {"category": "Housing", "picture": "", "title": "From May to mid August - Shared room available for ...", "author_name": "Nishita Borkar", "post_id": "199456403537988_452490574901235", "link_to_post": null, "date": "2015-03-22T04:24:49+0000", "message": "From May to mid August - Shared room available for sub lease in a 2BHK apartment on Luckie Street, Centennial Place Apartments. It is 2 minutes walking from Transit Hub.The available room comes with an attached closet and a private bathroom.We have an in-house washer and drier unit. The apartment's common areas are decently furnished and the kitchen has all the required appliances.\nThe rent will be around 260$ for a shared room.\nI am looking for a female roommate.\nMessage me if interested for fu", "author_id": "10155360952395503"}, {"category": "Others", "picture": "", "title": " ...", "author_name": "Ashley Larrimore", "post_id": "199456403537988_452464931570466", "link_to_post": null, "date": "2015-03-22T03:09:55+0000", "message": "", "author_id": "10204830197008942"}, {"category": "Others", "picture": "", "title": " ...", "author_name": "Ashley Larrimore", "post_id": "199456403537988_452461161570843", "link_to_post": null, "date": "2015-03-22T02:54:55+0000", "message": "", "author_id": "10204830197008942"}, {"category": "Others", "picture": "", "title": "Buying furniture for new apartment. Need almost everything ...", "author_name": "Ajay Gupta", "post_id": "199456403537988_452432444907048", "link_to_post": null, "date": "2015-03-22T00:57:25+0000", "message": "Buying furniture for new apartment. Need almost everything", "author_id": "10153213673644390"}, {"category": "Others", "picture": "", "title": " ...", "author_name": "Bibha Sharma", "post_id": "199456403537988_452419664908326", "link_to_post": null, "date": "2015-03-22T00:06:51+0000", "message": "", "author_id": "10206242736127724"}, {"category": "Others", "picture": "", "title": " ...", "author_name": "Bibha Sharma", "post_id": "199456403537988_452419268241699", "link_to_post": null, "date": "2015-03-22T00:04:43+0000", "message": "", "author_id": "10206242736127724"}, {"category": "Others", "picture": "", "title": " ...", "author_name": "Moha Nasr", "post_id": "199456403537988_452304951586464", "link_to_post": null, "date": "2015-03-21T22:45:08+0000", "message": "", "author_id": "1417451891901206"}, {"category": "Clothing, Shoes & Jewelery", "picture": "https://fbcdn-sphotos-a-a.akamaihd.net/hphotos-ak-xft1/v/t1.0-9/s130x130/10432150_10152677610455614_260470364931126786_n.jpg?oh=9a936969a8c10a974cdd50d702f83573&oe=55B35E83&__gda__=1438208193_6c0659e5c0b8175ee9dd05edc3e26f8a", "title": "I'm selling some DAT study materials. They're all in good/great ...", "author_name": "Monica H. Lee", "post_id": "199456403537988_452284871588472", "link_to_post": "https://www.facebook.com/photo.php?fbid=10152677610455614&set=gm.452284871588472&type=1", "date": "2015-03-21T21:54:17+0000", "message": "I'm selling some DAT study materials. They're all in good/great condition with minimal or no writing. I highly suggest studying for it NOW if you want to get a solid score before application opens up in June. I'm also selling a few random textbooks, lab goggles, and a clicker. I think they're fairly priced compared to Amazon with shipping and taxes. If you're pre-dental and have some questions about applying to dental school, feel free to shoot me a message. I've been in your shoes recently and ", "author_id": "10152677755600614"}, {"category": "Electronics & Computers", "picture": "", "title": "Found iPod touch around McCamish Pavilion (Fowler St NW) Message ...", "author_name": "Taek Oh", "post_id": "199456403537988_452273001589659", "link_to_post": null, "date": "2015-03-21T20:58:48+0000", "message": "Found iPod touch around McCamish Pavilion (Fowler St NW)\nMessage me the details and claim it", "author_id": "788979321192758"}, {"category": "Others", "picture": "", "title": " ...", "author_name": "Quynh Diep Le", "post_id": "199456403537988_452271834923109", "link_to_post": null, "date": "2015-03-21T20:55:01+0000", "message": "", "author_id": "10153179863258627"}, {"category": "Others", "picture": "", "title": " ...", "author_name": "Quynh Diep Le", "post_id": "199456403537988_452270351589924", "link_to_post": null, "date": "2015-03-21T20:48:41+0000", "message": "", "author_id": "10153179863258627"}, {"category": "Electronics & Computers", "picture": "https://fbcdn-sphotos-h-a.akamaihd.net/hphotos-ak-xaf1/v/t1.0-9/s130x130/11076281_10152902441093800_1479308225755067902_n.jpg?oh=c366fa9eb8e5b964b77008a3bc23b981&oe=55ABB761&__gda__=1434254996_721b11760839fdbefdd64a65c6314081", "title": "Selling: iPhone 5s Case, juice pack air mad for iPhone ...", "author_name": "Brian Lee", "post_id": "199456403537988_452270208256605", "link_to_post": "https://www.facebook.com/photo.php?fbid=10152902441093800&set=gm.452270208256605&type=1", "date": "2015-03-21T20:47:45+0000", "message": "Selling: iPhone 5s Case, juice pack air mad for iPhone 5s.\nUsed only 1 month. Very like BRAND NEW.\nIf you are interested PM me.", "author_id": "10152870219773800"}, {"category": "Others", "picture": "", "title": " ...", "author_name": "Kunal Mehan", "post_id": "199456403537988_452269861589973", "link_to_post": null, "date": "2015-03-21T20:46:37+0000", "message": "", "author_id": "10205954779531522"}, {"category": "Others", "picture": "", "title": " ...", "author_name": "Quynh Diep Le", "post_id": "199456403537988_452269034923389", "link_to_post": null, "date": "2015-03-21T20:43:25+0000", "message": "", "author_id": "10153179863258627"}, {"category": "Others", "picture": "", "title": " ...", "author_name": "Josh Gladstone", "post_id": "199456403537988_452267094923583", "link_to_post": null, "date": "2015-03-21T20:33:58+0000", "message": "", "author_id": "10205724732985032"}, {"category": "Housing", "picture": "", "title": "Please try to use the GT Room Search group instead ...", "author_name": "Zack Dunda", "post_id": "199456403537988_452212298262396", "link_to_post": null, "date": "2015-03-21T17:03:40+0000", "message": "Please try to use the GT Room Search group instead of this group for any housing-related posts. Thanks!", "author_id": "3156528028536"}, {"category": "Tickets", "picture": "https://fbcdn-sphotos-a-a.akamaihd.net/hphotos-ak-xpa1/v/t1.0-9/s130x130/10300077_10152633294912191_5349543248003925736_n.jpg?oh=c62e0d0a7b2b1f0af618269f2f75995f&oe=55BDF434&__gda__=1438559179_b77249df985cc2bc78e334f568b1491a", "title": "Selling ONE ticket for Hawks - Spurs tomorrow for 120$ ...", "author_name": "Tom Benacin", "post_id": "199456403537988_452203991596560", "link_to_post": "https://www.facebook.com/photo.php?fbid=10152633294912191&set=gm.452203991596560&type=1", "date": "2015-03-21T16:32:31+0000", "message": "Selling ONE ticket for Hawks - Spurs tomorrow for 120$\n\nSection 117\nRow P\nSeat 7", "author_id": "10152580739437191"}, {"category": "Others", "picture": "", "title": " ...", "author_name": "Chieh Ross Wang", "post_id": "199456403537988_452177134932579", "link_to_post": null, "date": "2015-03-21T15:20:33+0000", "message": "", "author_id": "564032795090"}, {"category": "Others", "picture": "", "title": " ...", "author_name": "Amit Lift", "post_id": "199456403537988_452028714947421", "link_to_post": null, "date": "2015-03-21T06:30:51+0000", "message": "", "author_id": "10204681212885167"}, {"category": "Others", "picture": "", "title": " ...", "author_name": "Adil Mir", "post_id": "199456403537988_452012674949025", "link_to_post": null, "date": "2015-03-21T05:22:26+0000", "message": "", "author_id": "10155278952920029"}, {"category": "Others", "picture": "https://scontent.xx.fbcdn.net/hphotos-xpf1/v/t1.0-9/s130x130/11045450_10206337426979243_675797931380933151_n.jpg?oh=1a90f4706b819fb75f198c182cbda76f&oe=5572299B", "title": " ...", "author_name": "Michael Ng", "post_id": "199456403537988_451992754951017", "link_to_post": "https://www.facebook.com/photo.php?fbid=10206337426979243&set=gm.451992704951022&type=1", "date": "2015-03-21T04:04:41+0000", "message": "", "author_id": "10206225602943712"}, {"category": "Others", "picture": "https://fbcdn-sphotos-c-a.akamaihd.net/hphotos-ak-xpa1/v/t1.0-9/s130x130/17828_10206337425339202_486538053980458852_n.jpg?oh=ee5a3f857091dcbf4185c7aa604acd20&oe=557FACB5&__gda__=1437211738_58466d2a2df05d0b9372d2a65b0a1a20", "title": "My friend is moving and has a bunch of things ...", "author_name": "Michael Ng", "post_id": "199456403537988_451992704951022", "link_to_post": "https://www.facebook.com/photo.php?fbid=10206337425339202&set=gm.451992704951022&type=1", "date": "2015-03-21T04:04:39+0000", "message": "My friend is moving and has a bunch of things to sell, including table, chairs, rice cookers, many kitchen accessories!\nPrice are shown in the pictures and it's OBO\nContact my friends or me if they don't answer\nYan Myrian and Hei Yi Mak", "author_id": "10206225602943712"}, {"category": "Others", "picture": "", "title": "I am looking to buy a car. I am looking ...", "author_name": "Sudipta Mukherjee", "post_id": "199456403537988_451969391620020", "link_to_post": null, "date": "2015-03-21T03:09:40+0000", "message": "I am looking to buy a car. I am looking for a reliable, fuel efficient vehicle with a clean title and a CARFAX record. Please message me if you have a suitable vehicle.", "author_id": "875208189204064"}, {"category": "Others", "picture": "", "title": " ...", "author_name": "Miguel A. Oller", "post_id": "199456403537988_451967688286857", "link_to_post": null, "date": "2015-03-21T03:01:49+0000", "message": "", "author_id": "10152697389187256"}, {"category": "Electronics & Computers", "picture": "", "title": "PC advice Should I sell my two 970 gtx ftw ...", "author_name": "Devang Maisuria", "post_id": "199456403537988_451957841621175", "link_to_post": null, "date": "2015-03-21T02:21:56+0000", "message": "PC advice \nShould I sell my two 970 gtx ftw Evga cards and replace them with one gtx Titan x? \n Running a UHD (kind of 4k) monitor at 76 hertz", "author_id": "10153135034870908"}, {"category": "Others", "picture": "", "title": " ...", "author_name": "Nathan Braswell", "post_id": "199456403537988_451956071621352", "link_to_post": null, "date": "2015-03-21T02:14:48+0000", "message": "", "author_id": "623977214413892"}, {"category": "Housing", "picture": "", "title": "Subleasing a room from May-Aug at 1078, Westshire Pl NW ...", "author_name": "Hrushit Parikh", "post_id": "199456403537988_451901868293439", "link_to_post": null, "date": "2015-03-20T22:37:31+0000", "message": "Subleasing a room from May-Aug at 1078, Westshire Pl NW\nIt is right behind the GLC and 5 minute walk to campus. Room has an attached bathroom, 2 single beds, 2 study desks and large closet. The apartment itself is fully furnished with chairs, dining table, a sofa and fully furnished kitchen. There is also a small balcony. Rent is $530+utilities for the entire room. For the thrifty people, the room can be easily shared by 2.", "author_id": "10153077407095090"}, {"category": "Electronics & Computers", "picture": "https://scontent.xx.fbcdn.net/hphotos-xfp1/v/t1.0-9/s130x130/11080900_806845679352616_1454070056904192087_n.jpg?oh=6c00d442d9d9f67372e163c115457bed&oe=55B761FA", "title": "Selling a 32\" Samsung TV great quality for best offer. ...", "author_name": "Woosik Dwayne Chung", "post_id": "199456403537988_451895861627373", "link_to_post": "https://www.facebook.com/photo.php?fbid=806845679352616&set=gm.451895861627373&type=1", "date": "2015-03-20T22:16:21+0000", "message": "Selling a 32\" Samsung TV great quality for best offer. Bidding ends Sunday 11:59pm. Will be updating highest bid on the comments. Model#Ln32d403e4d", "author_id": "799630046740846"}, {"category": "Tickets", "picture": "", "title": "Anyone selling Walk the Moon tickets for The Tabernacle show ...", "author_name": "Emily Reinhard", "post_id": "199456403537988_451882978295328", "link_to_post": null, "date": "2015-03-20T21:21:01+0000", "message": "Anyone selling Walk the Moon tickets for The Tabernacle show (4/25)? thanks!", "author_id": "10202593148028497"}, {"category": "Others", "picture": "", "title": "Looking for a place to live starting May through at ...", "author_name": "Justin Eisenberg", "post_id": "199456403537988_451862378297388", "link_to_post": null, "date": "2015-03-20T19:57:29+0000", "message": "Looking for a place to live starting May through at least end of fall semester maybe extending after that. Message me if you are leasing or subletting. Details in the first message would be greatly appreciated.", "author_id": "10153207730603086"}, {"category": "Others", "picture": "", "title": " ...", "author_name": "Kaiwen Lv", "post_id": "199456403537988_451846311632328", "link_to_post": null, "date": "2015-03-20T19:14:21+0000", "message": "", "author_id": "558822814221219"}, {"category": "Others", "picture": "", "title": " ...", "author_name": "Colin Radgman", "post_id": "199456403537988_451823868301239", "link_to_post": null, "date": "2015-03-20T17:50:04+0000", "message": "", "author_id": "10153214928736886"}, {"category": "Others", "picture": "https://fbcdn-sphotos-b-a.akamaihd.net/hphotos-ak-xpa1/v/t1.0-9/s130x130/10460182_10205304605270379_1503895790752190700_n.jpg?oh=8f5064a7d7fa925b0edf4b1d4e2f6f7a&oe=55AB1CA0&__gda__=1433641055_a31f0c961c92132f15496e1408f7dce5", "title": " ...", "author_name": "Hridis Pal", "post_id": "199456403537988_451823044967988", "link_to_post": "https://www.facebook.com/photo.php?fbid=10205304605270379&set=gm.451823038301322&type=1", "date": "2015-03-20T17:46:21+0000", "message": "", "author_id": "10205222868267005"}, {"category": "Others", "picture": "https://fbcdn-sphotos-h-a.akamaihd.net/hphotos-ak-xpf1/v/t1.0-9/s130x130/10250248_10205304605950396_6764841057590725954_n.jpg?oh=79b33705e9ffa2db5441478a950aed54&oe=5577A635&__gda__=1433469475_36946163610b6507650b7ed64718428f", "title": " ...", "author_name": "Hridis Pal", "post_id": "199456403537988_451823054967987", "link_to_post": "https://www.facebook.com/photo.php?fbid=10205304605950396&set=gm.451823038301322&type=1", "date": "2015-03-20T17:46:21+0000", "message": "", "author_id": "10205222868267005"}, {"category": "Home, Garden & Tools", "picture": "https://fbcdn-sphotos-b-a.akamaihd.net/hphotos-ak-xpa1/v/t1.0-9/s130x130/10460182_10205304605270379_1503895790752190700_n.jpg?oh=8f5064a7d7fa925b0edf4b1d4e2f6f7a&oe=55AB1CA0&__gda__=1433641055_a31f0c961c92132f15496e1408f7dce5", "title": "For sale. Leaving Wednesday, so must go by Tuesday. Prices ...", "author_name": "Hridis Pal", "post_id": "199456403537988_451823038301322", "link_to_post": "https://www.facebook.com/photo.php?fbid=10205304605270379&set=gm.451823038301322&type=1", "date": "2015-03-20T17:46:20+0000", "message": "For sale. Leaving Wednesday, so must go by Tuesday. Prices negotiable.PM me.\n1) Ikea Malm bed, full size with slats: $90 (original $190).\n2) Nightstand: $15 (original $40)....[Sold]\n3) Bookshelf: $10 (original $30)....[Sold]\n4) Several free give-aways: lights, books, kitchen stuff (toaster, blender,dishes, utensils, etc.)....[toaster, blender Sold]", "author_id": "10205222868267005"}, {"category": "Others", "picture": "", "title": " ...", "author_name": "Toby Xu", "post_id": "199456403537988_451821281634831", "link_to_post": null, "date": "2015-03-20T17:38:52+0000", "message": "", "author_id": "10104051712302947"}, {"category": "Others", "picture": "", "title": " ...", "author_name": "Rachel Meltzer", "post_id": "199456403537988_451816934968599", "link_to_post": null, "date": "2015-03-20T17:19:49+0000", "message": "", "author_id": "10152627552046300"}, {"category": "Others", "picture": "", "title": "Anyone interested in doing a small excel project ( should ...", "author_name": "Aravind Jasti", "post_id": "199456403537988_451771278306498", "link_to_post": null, "date": "2015-03-20T14:47:23+0000", "message": "Anyone interested in doing a small excel project ( should be good with formulas, macros) with real time data. Will be compensated accordingly. PM for more details.", "author_id": "10153112845290242"}, {"category": "Housing", "picture": "", "title": "Hello all, I would like to have some recommendation on ...", "author_name": "Phebe Tam", "post_id": "199456403537988_451761744974118", "link_to_post": null, "date": "2015-03-20T14:20:29+0000", "message": "Hello all, I would like to have some recommendation on finding a place, which is pet friendly, close to metro (walkable) and rent is below 800... Hope the tech community has a boarder sense of how the housing around the atlanta area...Thanks!", "author_id": "10101991394157033"}, {"category": "Others", "picture": "https://fbcdn-profile-a.akamaihd.net/hprofile-ak-xpf1/v/t1.0-1/p100x100/10429834_683365795109638_2556243236835914179_n.jpg?oh=522e02e5c9741caed1b6c0a3565c9428&oe=557BAFEA&__gda__=1437609740_00a88bd8657a35445d9656a3f01a024e", "title": " ...", "author_name": "Priyank Deshpande", "post_id": "199456403537988_451616118322014", "link_to_post": "https://www.facebook.com/groups/459857937428336/permalink/811757145571745/", "date": "2015-03-20T05:45:30+0000", "message": "", "author_id": "726264144153136"}, {"category": "Others", "picture": "", "title": " ...", "author_name": "Ishita Ray", "post_id": "199456403537988_451588774991415", "link_to_post": null, "date": "2015-03-20T03:48:32+0000", "message": "", "author_id": "10155529787225495"}, {"category": "Housing", "picture": "", "title": "anyone looking to sublet an apartment this summer (Mid may-mid ...", "author_name": "Gayle Powell", "post_id": "199456403537988_451573948326231", "link_to_post": null, "date": "2015-03-20T02:43:23+0000", "message": "anyone looking to sublet an apartment this summer (Mid may-mid august)? 2 duke students moving to atlanta for the summer!", "author_id": "10206338545323017"}, {"category": "Electronics & Computers", "picture": "", "title": "Anyone selling an iPhone 6/6 plus? thanks ...", "author_name": "Anup Chandora", "post_id": "199456403537988_451553184994974", "link_to_post": null, "date": "2015-03-20T01:26:23+0000", "message": "Anyone selling an iPhone 6/6 plus? thanks", "author_id": "1649355118617726"}, {"category": "Others", "picture": "", "title": " ...", "author_name": "Merve Mayda", "post_id": "199456403537988_451541568329469", "link_to_post": null, "date": "2015-03-20T00:32:41+0000", "message": "", "author_id": "1566685796937577"}, {"category": "Others", "picture": "", "title": " ...", "author_name": "Chirag Jain", "post_id": "199456403537988_451539341663025", "link_to_post": null, "date": "2015-03-20T00:22:47+0000", "message": "", "author_id": "858245964236006"}, {"category": "Others", "picture": "", "title": " ...", "author_name": "Punarva Katte", "post_id": "199456403537988_451521781664781", "link_to_post": null, "date": "2015-03-19T22:56:46+0000", "message": "", "author_id": "828981150518868"}, {"category": "Electronics & Computers", "picture": "", "title": "Does anyone here replace iPhone 6 plus screens? ...", "author_name": "Jake Boyle", "post_id": "199456403537988_451521191664840", "link_to_post": null, "date": "2015-03-19T22:52:42+0000", "message": "Does anyone here replace iPhone 6 plus screens?", "author_id": "10203912090028818"}, {"category": "Housing", "picture": "", "title": "Subleasing a room at 1110 State St for the summer. ...", "author_name": "Jasmine M. Brown", "post_id": "199456403537988_451489768334649", "link_to_post": null, "date": "2015-03-19T21:16:18+0000", "message": "Subleasing a room at 1110 State St for the summer. Rent is $525/mo + utilities. The room comes furnished with a twin bed, desk, chair, and bookshelf. There is also private parking. The house is shared with one other female roommate. Females only, please.", "author_id": "10153073646302221"}, {"category": "Housing", "picture": "", "title": "Hey guys! I am looking to sublease a place to ...", "author_name": "Jinming Yu", "post_id": "199456403537988_451482851668674", "link_to_post": null, "date": "2015-03-19T20:43:27+0000", "message": "Hey guys! I am looking to sublease a place to stay this May and June\nHopefully it is furnished, ~$500 including utilities, and walking distance to Tech Square\n\nThank you!", "author_id": "397069623800022"}, {"category": "Housing", "picture": "", "title": "Looking to sublease a place for summer from last week ...", "author_name": "Bhavya Dwivedi", "post_id": "199456403537988_451479815002311", "link_to_post": null, "date": "2015-03-19T20:30:45+0000", "message": "Looking to sublease a place for summer from last week of May till the end of July. Please message me if you have availability.\nThanks!", "author_id": "812955955458492"}, {"category": "Others", "picture": "", "title": " ...", "author_name": "Aakash Shringare", "post_id": "199456403537988_451471505003142", "link_to_post": null, "date": "2015-03-19T20:09:31+0000", "message": "", "author_id": "10200318256995802"}, {"category": "Housing", "picture": "", "title": "Hey all, I am looking to sublease my apartment during ...", "author_name": "Prajwal R Prasad", "post_id": "199456403537988_451470655003227", "link_to_post": null, "date": "2015-03-19T20:06:28+0000", "message": "Hey all,\nI am looking to sublease my apartment during May 1st to August 1st. It is a studio apartment in Solace at Peachtree St NE. The rent is $892 including utilities. It is adjacent to North Avenue marta station and walking distance from Georgia Tech campus. Please message me if interested.", "author_id": "791586027599677"}, {"category": "Others", "picture": "https://fbexternal-a.akamaihd.net/safe_image.php?d=AQC-AC-nsy0zrrko&w=130&h=130&url=http%3A%2F%2Fecx.images-amazon.com%2Fimages%2FI%2F31ezGkmU7NL._SS500_.jpg&cfs=1", "title": " ...", "author_name": "George Tan", "post_id": "199456403537988_451467775003515", "link_to_post": "http://www.amazon.com/dp/B003VAHYTG/ref=pe_385040_30332190_pe_175190_21431760_M3T1_ST1_dp_1", "date": "2015-03-19T19:52:10+0000", "message": "", "author_id": "10155355552025183"}, {"category": "Others", "picture": "", "title": " ...", "author_name": "Aakash Shringare", "post_id": "199456403537988_451465215003771", "link_to_post": null, "date": "2015-03-19T19:40:14+0000", "message": "", "author_id": "10200318256995802"}, {"category": "Others", "picture": "", "title": " ...", "author_name": "Aakash Shringare", "post_id": "199456403537988_451464555003837", "link_to_post": null, "date": "2015-03-19T19:35:52+0000", "message": "", "author_id": "10200318256995802"}, {"category": "Others", "picture": "", "title": "Looking for a ride to GT tomorrow, from PCB. Plz ...", "author_name": "Lucas Everitt", "post_id": "199456403537988_451463521670607", "link_to_post": null, "date": "2015-03-19T19:30:20+0000", "message": "Looking for a ride to GT tomorrow, from PCB. Plz pm me. Halp", "author_id": "10203795287982965"}, {"category": "Others", "picture": "", "title": " ...", "author_name": "Michael Sobrepera", "post_id": "199456403537988_451436295006663", "link_to_post": null, "date": "2015-03-19T17:41:48+0000", "message": "", "author_id": "10152616136347624"}, {"category": "Others", "picture": "", "title": " ...", "author_name": "Kunal Mehan", "post_id": "199456403537988_451406045009688", "link_to_post": null, "date": "2015-03-19T16:21:11+0000", "message": "", "author_id": "10205954779531522"}, {"category": "Others", "picture": "", "title": " ...", "author_name": "Kunal Mehan", "post_id": "199456403537988_451405905009702", "link_to_post": null, "date": "2015-03-19T16:20:47+0000", "message": "", "author_id": "10205954779531522"}, {"category": "Others", "picture": "", "title": " ...", "author_name": "Kunal Mehan", "post_id": "199456403537988_451405761676383", "link_to_post": null, "date": "2015-03-19T16:20:15+0000", "message": "", "author_id": "10205954779531522"}, {"category": "Tickets", "picture": "", "title": "Anybody in here interested in football (soccer)? Looking to sell ...", "author_name": "Reesha D Ramoutar", "post_id": "199456403537988_451399075010385", "link_to_post": null, "date": "2015-03-19T16:06:27+0000", "message": "Anybody in here interested in football (soccer)? Looking to sell a ticket for Atlanta Silverbacks v NY Cosmos. Front row, midfield section... Hoping to see Raul play. Selling price is $25 but will take $20. PM me if interested", "author_id": "10155384930695220"}, {"category": "Others", "picture": "", "title": " ...", "author_name": "Scotty Renner", "post_id": "199456403537988_451387478344878", "link_to_post": null, "date": "2015-03-19T15:34:17+0000", "message": "", "author_id": "10152725475075678"}, {"category": "Others", "picture": "", "title": " ...", "author_name": "Scotty Renner", "post_id": "199456403537988_451386435011649", "link_to_post": null, "date": "2015-03-19T15:32:01+0000", "message": "", "author_id": "10152725475075678"}, {"category": "Electronics & Computers", "picture": "", "title": "Looking for an Android phone or iphone that is compatible ...", "author_name": "Mayank Agrawal", "post_id": "199456403537988_451128938370732", "link_to_post": null, "date": "2015-03-19T08:18:02+0000", "message": "Looking for an Android phone or iphone that is compatible with TMobile 3G network. Price range $100 (negotiable).", "author_id": "1057082277639906"}, {"category": "Others", "picture": "", "title": " ...", "author_name": "Gregory Philips", "post_id": "199456403537988_451072451709714", "link_to_post": null, "date": "2015-03-19T04:04:49+0000", "message": "", "author_id": "10155320944420065"}, {"category": "Others", "picture": "", "title": " ...", "author_name": "Gregory Philips", "post_id": "199456403537988_451071915043101", "link_to_post": null, "date": "2015-03-19T04:02:42+0000", "message": "", "author_id": "10155320944420065"}, {"category": "Others", "picture": "", "title": "This group has been upgraded to the new For Sale ...", "author_name": "Zack Dunda", "post_id": "199456403537988_451070395043253", "link_to_post": null, "date": "2015-03-19T03:54:40+0000", "message": "This group has been upgraded to the new For Sale type. Feel free to use the new format for listing items. It should make it cleaner and easier to use.", "author_id": "3156528028536"}, {"category": "Others", "picture": "", "title": " ...", "author_name": "Jin Xu", "post_id": "199456403537988_451069088376717", "link_to_post": null, "date": "2015-03-19T03:48:11+0000", "message": "", "author_id": "10204174228620204"}, {"category": "Others", "picture": "", "title": " ...", "author_name": "Jin Xu", "post_id": "199456403537988_451068531710106", "link_to_post": null, "date": "2015-03-19T03:45:53+0000", "message": "", "author_id": "10204174228620204"}, {"category": "Others", "picture": "", "title": " ...", "author_name": "Joshua Lioi", "post_id": "199456403537988_451057968377829", "link_to_post": null, "date": "2015-03-19T02:48:11+0000", "message": "", "author_id": "3170123848423"}, {"category": "Others", "picture": "", "title": " ...", "author_name": "Guan Huang", "post_id": "199456403537988_451047651712194", "link_to_post": null, "date": "2015-03-19T02:05:51+0000", "message": "", "author_id": "433070230183455"}, {"category": "Electronics & Computers", "picture": "", "title": "Pentium !!! ...", "author_name": "Drew Moore", "post_id": "199456403537988_451046018379024", "link_to_post": null, "date": "2015-03-19T01:58:30+0000", "message": "Pentium !!!", "author_id": "10204832691231358"}, {"category": "Others", "picture": "https://scontent.xx.fbcdn.net/hphotos-xpf1/v/t1.0-9/s130x130/11077915_1415764525403276_2018903394202732019_n.jpg?oh=eedec5be3901c07cfe2e5e74cb29a5ca&oe=55AF1DC4", "title": "300$ ...", "author_name": "Moha Nasr", "post_id": "199456403537988_451038241713135", "link_to_post": "https://www.facebook.com/photo.php?fbid=1415764525403276&set=gm.451038235046469&type=1", "date": "2015-03-19T01:32:18+0000", "message": "300$", "author_id": "1417451891901206"}, {"category": "Others", "picture": "https://scontent.xx.fbcdn.net/hphotos-xfp1/v/t1.0-9/s130x130/10443434_1415764615403267_5919209275030757831_n.jpg?oh=3a5ec76d687ccaac3280eced4eb2a1d2&oe=557FA3D9", "title": "10$ ...", "author_name": "Moha Nasr", "post_id": "199456403537988_451038251713134", "link_to_post": "https://www.facebook.com/photo.php?fbid=1415764615403267&set=gm.451038235046469&type=1", "date": "2015-03-19T01:32:18+0000", "message": "10$", "author_id": "1417451891901206"}, {"category": "Others", "picture": "https://scontent.xx.fbcdn.net/hphotos-xpa1/v/t1.0-9/s130x130/11081313_1415764575403271_321741246932409339_n.jpg?oh=d29d84a3b297991557fa531bdcd6f5ee&oe=55B04484", "title": "40$ ...", "author_name": "Moha Nasr", "post_id": "199456403537988_451038248379801", "link_to_post": "https://www.facebook.com/photo.php?fbid=1415764575403271&set=gm.451038235046469&type=1", "date": "2015-03-19T01:32:18+0000", "message": "40$", "author_id": "1417451891901206"}, {"category": "Others", "picture": "https://fbcdn-sphotos-g-a.akamaihd.net/hphotos-ak-xfp1/v/t1.0-9/s130x130/11018609_1415764545403274_2815483896964238376_n.jpg?oh=f14fb96ef372861c798755397b86e586&oe=557961A8&__gda__=1433855865_1dcea0a386cad238989ed4ff3e25a47d", "title": "15$ ...", "author_name": "Moha Nasr", "post_id": "199456403537988_451038245046468", "link_to_post": "https://www.facebook.com/photo.php?fbid=1415764545403274&set=gm.451038235046469&type=1", "date": "2015-03-19T01:32:18+0000", "message": "15$", "author_id": "1417451891901206"}, {"category": "Others", "picture": "https://scontent.xx.fbcdn.net/hphotos-xpf1/v/t1.0-9/s130x130/11077915_1415764525403276_2018903394202732019_n.jpg?oh=eedec5be3901c07cfe2e5e74cb29a5ca&oe=55AF1DC4", "title": "For sell ...", "author_name": "Moha Nasr", "post_id": "199456403537988_451038235046469", "link_to_post": "https://www.facebook.com/photo.php?fbid=1415764525403276&set=gm.451038235046469&type=1", "date": "2015-03-19T01:32:18+0000", "message": "For sell", "author_id": "1417451891901206"}, {"category": "Others", "picture": "https://scontent.xx.fbcdn.net/hphotos-xpa1/v/t1.0-9/s130x130/11071737_1415764665403262_4888967673724378964_n.jpg?oh=bacacbe57a4f3d8d329d2a277c90a943&oe=55B108FA", "title": "10$ ...", "author_name": "Moha Nasr", "post_id": "199456403537988_451038258379800", "link_to_post": "https://www.facebook.com/photo.php?fbid=1415764665403262&set=gm.451038235046469&type=1", "date": "2015-03-19T01:32:18+0000", "message": "10$", "author_id": "1417451891901206"}, {"category": "Others", "picture": "https://fbcdn-sphotos-b-a.akamaihd.net/hphotos-ak-xtp1/v/t1.0-9/s130x130/11061253_1415764635403265_4939100269361694508_n.jpg?oh=8acd607e56430339fc6b1110443c89b2&oe=557F6F1B&__gda__=1438147902_5760c3e3544f68fba1f2e489f16cd0ec", "title": "160$ ...", "author_name": "Moha Nasr", "post_id": "199456403537988_451038255046467", "link_to_post": "https://www.facebook.com/photo.php?fbid=1415764635403265&set=gm.451038235046469&type=1", "date": "2015-03-19T01:32:18+0000", "message": "160$", "author_id": "1417451891901206"}, {"category": "Others", "picture": "https://scontent.xx.fbcdn.net/hphotos-xap1/v/t1.0-9/s130x130/10350335_10204227155503343_4000445652961582779_n.jpg?oh=90178424cf8b8221dd710b4da4837989&oe=55748DDE", "title": " ...", "author_name": "Jin Xu", "post_id": "199456403537988_451017775048515", "link_to_post": "https://www.facebook.com/photo.php?fbid=10204227155503343&set=gm.451017775048515&type=1", "date": "2015-03-19T00:21:18+0000", "message": "", "author_id": "10204174228620204"}, {"category": "Others", "picture": "https://scontent.xx.fbcdn.net/hphotos-xfp1/v/t1.0-9/s130x130/10994873_10204227121462492_4534390893232659271_n.jpg?oh=2e5ebc5be666161624ed1a0678d0dbbf&oe=55713AF1", "title": "Jay Turser acoustic guitar with bag and accessories. ...", "author_name": "Jin Xu", "post_id": "199456403537988_451012255049067", "link_to_post": "https://www.facebook.com/photo.php?fbid=10204227121462492&set=gm.451012255049067&type=1", "date": "2015-03-19T00:12:11+0000", "message": "Jay Turser acoustic guitar with bag and accessories.", "author_id": "10204174228620204"}, {"category": "Electronics & Computers", "picture": "https://fbcdn-sphotos-f-a.akamaihd.net/hphotos-ak-xaf1/v/t1.0-9/s130x130/10408576_10204227103822051_4754751015521947892_n.jpg?oh=11e87123765c9a996388bf1716f2a52e&oe=557C46D4&__gda__=1437547809_492afedbdaf9ba9b5e29904702339079", "title": "Microsoft Xbox 360 Kinect Sensor USB AC Adapter Power Supply ...", "author_name": "Jin Xu", "post_id": "199456403537988_451011011715858", "link_to_post": "https://www.facebook.com/photo.php?fbid=10204227103822051&set=gm.451011011715858&type=1", "date": "2015-03-19T00:06:22+0000", "message": "Microsoft Xbox 360 Kinect Sensor USB AC Adapter Power Supply Cable Cord", "author_id": "10204174228620204"}, {"category": "Others", "picture": "", "title": " ...", "author_name": "Jin Xu", "post_id": "199456403537988_451010508382575", "link_to_post": null, "date": "2015-03-19T00:03:30+0000", "message": "", "author_id": "10204174228620204"}, {"category": "Others", "picture": "https://scontent.xx.fbcdn.net/hphotos-xaf1/v/t1.0-9/s130x130/11076288_10204226966058607_7961001962857485906_n.jpg?oh=4aaceb3762e758bdfa0b7b3c631c5ae6&oe=55B18F73", "title": "selling breadboard. ...", "author_name": "Jin Xu", "post_id": "199456403537988_450997525050540", "link_to_post": "https://www.facebook.com/photo.php?fbid=10204226966058607&set=gm.450997525050540&type=1", "date": "2015-03-18T23:28:58+0000", "message": "selling breadboard.", "author_id": "10204174228620204"}, {"category": "Others", "picture": "", "title": " ...", "author_name": "Devang Maisuria", "post_id": "199456403537988_450994715050821", "link_to_post": null, "date": "2015-03-18T23:16:38+0000", "message": "", "author_id": "10153135034870908"}, {"category": "Others", "picture": "", "title": " ...", "author_name": "Kevin Rhyne", "post_id": "199456403537988_450993838384242", "link_to_post": null, "date": "2015-03-18T23:11:57+0000", "message": "", "author_id": "359495797589381"}, {"category": "Housing", "picture": "", "title": "Subleasing a room at 1002, Center Street NW for the ...", "author_name": "Ankul Jain", "post_id": "199456403537988_450992821717677", "link_to_post": null, "date": "2015-03-18T23:07:06+0000", "message": "Subleasing a room at 1002, Center Street NW for the Summer Semester. It is a well furnished 1500 sq ft apartment right next to Georiga tech campus. Less than a minute walk from Georgia Tech and Rocky Mountain. Also the stingerette drops right outside the house. Very close to Marta Station and Bus Stop. Message me if interested.", "author_id": "10153228777918420"}, {"category": "Others", "picture": "", "title": "Looking for a roommate, 2b2b in home park. Starting now ...", "author_name": "Rohit Ammanamanchi", "post_id": "199456403537988_450985715051721", "link_to_post": null, "date": "2015-03-18T22:34:39+0000", "message": "Looking for a roommate, 2b2b in home park. Starting now (not April, not this summer, but as early as this Sunday 3/22!) Stay til whenever. $500/month +~80-100 utilities. Own bathroom. Walking distance to tech. Free parking in back. And we have a cat. Comment here if you msg me!", "author_id": "10206521343336060"}, {"category": "Housing", "picture": "https://scontent.xx.fbcdn.net/hphotos-xpa1/v/t1.0-9/s130x130/11081205_1084727438221082_225444873918069348_n.jpg?oh=e9c55ef8d6fd95ad02be1840ae789c93&oe=5571FD47", "title": "I'm looking for someone to sub-lease my apartment for the ...", "author_name": "Nehchal Jindal", "post_id": "199456403537988_450985348385091", "link_to_post": "https://www.facebook.com/photo.php?fbid=1084727438221082&set=gm.450985348385091&type=1", "date": "2015-03-18T22:32:35+0000", "message": "I'm looking for someone to sub-lease my apartment for the summer, from early May to early-mid August (between the Spring and Fall semesters).\n \nAddress: 935, Marietta St NW, ATL, GA. (http://www.935m.com/)\n\nIf you're taking summer classes/research or just interning or co-oping near Georgia Tech, definitely consider the sublease!\n\n===== Why you should rent this? =====\n- 5 mins walking distance from CRC trolley stop (so easy access to anywhere in GaTech campus).\n- Full-size swimming pool\n- On-site", "author_id": "1086498021377357"}, {"category": "Housing", "picture": "https://fbcdn-sphotos-b-a.akamaihd.net/hphotos-ak-xfp1/v/t1.0-9/s130x130/10351105_10152750764817951_6402865108678070997_n.jpg?oh=93a0fb7015fd2825887967b7a1ad5803&oe=55B5E177&__gda__=1434163854_11af3bc0acec6afa894884ac338078d3", "title": "2 bedrooms available for sublease in a 3 BR, 1 ...", "author_name": "Burhan Ahmad", "post_id": "199456403537988_450983941718565", "link_to_post": "https://www.facebook.com/photo.php?fbid=10152750764817951&set=gm.450983941718565&type=1", "date": "2015-03-18T22:25:58+0000", "message": "2 bedrooms available for sublease in a 3 BR, 1 BA house starting May 1st till August 10th at 1052 center st. NW. Close to 10th st. and at walking distance to tech. Closets available in both rooms. Central heating and cooling. Washer and Dryer. Frontyard, Lounge and kitchen. Backyard for parking. Available for yearly lease after 10th august as well. Combined rent is 1200 equally split among the 3 rooms. Utilities not included.\n\nKindly PM for showing.", "author_id": "10152757507017951"}, {"category": "Housing", "picture": "", "title": "For sublease: I am subleasing my room this summer at ...", "author_name": "Tarun Mangla", "post_id": "199456403537988_450971898386436", "link_to_post": null, "date": "2015-03-18T21:25:43+0000", "message": "For sublease:\n\nI am subleasing my room this summer at Tenside Apartments. It is a one bedroom unit occupied by two persons. I stay in the room while the other person stays in the living room. Actual rent is $700 per person including utilities, internet and parking space but I am willing to pay some amount (200-250$). The room has a mattress, table, chair and lamp and the kitchen is furnished.Tenside is at the intersection of Northside Dr and 10th St, which is located at the edge of northwest cam", "author_id": "812385698840652"}, {"category": "Others", "picture": "", "title": " ...", "author_name": "Devang Maisuria", "post_id": "199456403537988_450956101721349", "link_to_post": null, "date": "2015-03-18T20:02:50+0000", "message": "", "author_id": "10153135034870908"}, {"category": "Others", "picture": "https://fbcdn-sphotos-c-a.akamaihd.net/hphotos-ak-xaf1/v/t1.0-9/s130x130/10569053_10204072432682170_3218901003872045870_n.jpg?oh=d3aa07c7ca94e83643e7309f223d53e1&oe=5576D691&__gda__=1434422884_b6fe0d2b3475f6522f6f0508ae2fddd7", "title": "Selling a just like new TI-89 Titanium for $85. A ...", "author_name": "Wayne Sukjune Hong", "post_id": "199456403537988_450932305057062", "link_to_post": "https://www.facebook.com/photo.php?fbid=10204072432682170&set=gm.450932305057062&type=1", "date": "2015-03-18T18:28:22+0000", "message": "Selling a just like new TI-89 Titanium for $85.\n\nA brand new one will cost you $150!", "author_id": "10204093668893062"}, {"category": "Others", "picture": "", "title": "Anyone selling a used car? Looking for something <$3k. ...", "author_name": "Ryo Farrow", "post_id": "199456403537988_450923911724568", "link_to_post": null, "date": "2015-03-18T18:02:15+0000", "message": "Anyone selling a used car? Looking for something <$3k.", "author_id": "10205831650527794"}, {"category": "Housing", "picture": "https://fbexternal-a.akamaihd.net/safe_image.php?d=AQAc42d7bbA4q-sa&w=130&h=130&url=http%3A%2F%2Fcrossfiremedia.realpage.com%2Fwaterfordonpiedmont%2Fphotos%2Fph1062_w648_h433.jpg&cfs=1", "title": "A 2 bedroom 2 bathroom 1203 sqft apartment (gated community) ...", "author_name": "Rajesh Ng", "post_id": "199456403537988_450898851727074", "link_to_post": "http://www.thewaterfordonpiedmont.com/", "date": "2015-03-18T16:41:53+0000", "message": "A 2 bedroom 2 bathroom 1203 sqft apartment (gated community) available for sublease from May 2 2015. Our lease ends in August 18 2015. You can continue the lease if interested. \nRent 1700$/month for the apartment. You can also take 1 room at 850$/month.\n\nhttp://www.thewaterfordonpiedmont.com\n\nLocation:\nNear the famous Fox theater, Emory University Hospital Midtown, Georgia Power Company, AT&T, Bank of America Plaza \nCloseby Publix, Walgreens and Marta Bus stop\n5 mins walk from North Avenue Marta", "author_id": "10206489372381261"}, {"category": "Others", "picture": "https://fbexternal-a.akamaihd.net/safe_image.php?d=AQA371ZRmvPtD5nm&w=130&h=130&url=http%3A%2F%2Fecx.images-amazon.com%2Fimages%2FI%2F31FCU%252BRZKoL._SL160_.jpg&cfs=1", "title": "Looking to borrow something to this effect. I need some ...", "author_name": "Hannah Lau", "post_id": "199456403537988_450842805066012", "link_to_post": "http://www.amazon.com/Magnepull-XP1000-LC-Wire-Pulling-System/dp/B000YJB5WO/ref=sr_1_1?ie=UTF8&qid=1426638855&sr=8-1&keywords=magnetic+wire+running+kit", "date": "2015-03-18T13:53:19+0000", "message": "Looking to borrow something to this effect. I need some tools that can fish wire behind a wall. I'm willing to pay a bit of cash just to borrow something like this for an hour.", "author_id": "1701585213402044"}, {"category": "Electronics & Computers", "picture": "", "title": "buying iPhone 6 case ...", "author_name": "Patrick Evan", "post_id": "199456403537988_450811215069171", "link_to_post": null, "date": "2015-03-18T12:28:39+0000", "message": "buying iPhone 6 case", "author_id": "10155264931780277"}, {"category": "Electronics & Computers", "picture": "https://fbexternal-a.akamaihd.net/safe_image.php?d=AQC-AC-nsy0zrrko&w=130&h=130&url=http%3A%2F%2Fecx.images-amazon.com%2Fimages%2FI%2F31ezGkmU7NL._SS500_.jpg&cfs=1", "title": "Selling Logitech Z623 for $100 (price on amazon is $135.42) ...", "author_name": "George Tan", "post_id": "199456403537988_450733955076897", "link_to_post": "http://www.amazon.com/dp/B003VAHYTG/ref=pe_385040_30332190_pe_175190_21431760_M3T1_ST1_dp_1", "date": "2015-03-18T07:13:48+0000", "message": "Selling Logitech Z623 for $100 (price on amazon is $135.42)", "author_id": "10155355552025183"}, {"category": "Tickets", "picture": "https://fbexternal-a.akamaihd.net/safe_image.php?d=AQDnULgaL0tAoNgu&w=130&h=130&url=http%3A%2F%2Fimages.kpopstarz.com%2Fdata%2Fimages%2Ffull%2F310234%2Ftickets-for-the-amoeba-culture-2015-tour-starring-dynamic-duo-primary-zion-t-and-crush-will-go-on-sale-on-january-28.jpg&cfs=1&sx=0&sy=0&sw=3300&sh=3300", "title": "Calling all Kpop Fans! Selling one ticket to the Dynamic ...", "author_name": "Joyce Lee", "post_id": "199456403537988_450730348410591", "link_to_post": "http://www.kpopstarz.com/articles/168730/20150128/amoeba-culture-2015-tour-featuring-dynamic-duo-primary-zion-t-crush.htm", "date": "2015-03-18T06:56:22+0000", "message": "Calling all Kpop Fans!\n\nSelling one ticket to the Dynamic Duo, Primary, Zion T, Crush Concert in Atlanta on March 27 for $60 (they go for $75)\n\nPM if interested!", "author_id": "10155256263820161"}, {"category": "Others", "picture": "https://fbcdn-sphotos-e-a.akamaihd.net/hphotos-ak-xpa1/v/t1.0-9/s130x130/11081406_10152894456883800_3971863647949660996_n.jpg?oh=3d493743d471b779bb073b2529868010&oe=557CDF25&__gda__=1433593818_85c4bf18326eac3628d34ea999ea0104", "title": "Selling ipad Card reader. Its like Brand New. If you ...", "author_name": "Brian Lee", "post_id": "199456403537988_450709758412650", "link_to_post": "https://www.facebook.com/photo.php?fbid=10152894456883800&set=gm.450709758412650&type=1", "date": "2015-03-18T05:23:36+0000", "message": "Selling ipad Card reader. Its like Brand New. If you are interested PM me.", "author_id": "10152870219773800"}, {"category": "Electronics & Computers", "picture": "https://fbcdn-sphotos-f-a.akamaihd.net/hphotos-ak-xpf1/v/t1.0-9/s130x130/11082633_10152894452173800_7391078754976159956_n.jpg?oh=b03f6be23e61f1bf56984a34b8647ba0&oe=557B45B3&__gda__=1433797029_541d8a38c09638cb50dd531d44b1bf15", "title": "Selling iPhone 5S bumper case with Screen protector.(Made in South ...", "author_name": "Brian Lee", "post_id": "199456403537988_450709158412710", "link_to_post": "https://www.facebook.com/photo.php?fbid=10152894452173800&set=gm.450709158412710&type=1", "date": "2015-03-18T05:21:53+0000", "message": "Selling iPhone 5S bumper case with Screen protector.(Made in South Korea)\nBumper: Spigen iPhone 5S Neo Hybrid Ex Slim Metal\n http://www.spigen.com/iphone-5-case-neo-hybrid-ex-slim-metal.html\nScreen Protector: Spigen Ultra crystal clean& hard surface screen protector.\n http://www.spigen.com/iphone-5-screen-protector-steinheil-series.html\nUsed only a week. If you are interested PM me.", "author_id": "10152870219773800"}, {"category": "Electronics & Computers", "picture": "", "title": "Looking for a tv in decent condition !!! ...", "author_name": "Aravind Jasti", "post_id": "199456403537988_450692668414359", "link_to_post": null, "date": "2015-03-18T04:33:37+0000", "message": "Looking for a tv in decent condition !!!", "author_id": "10153112845290242"}, {"category": "Housing", "picture": "", "title": "Looking for 2 roommates (male or female) for a 5-bedroom ...", "author_name": "Yusuf Uddin", "post_id": "199456403537988_450653325084960", "link_to_post": null, "date": "2015-03-18T01:38:45+0000", "message": "Looking for 2 roommates (male or female) for a 5-bedroom duplex 5 minutes drive from tech campus (Berkeley Park neighborhood). rent is $450 plus utilities. current residents are all male GT students. off street parking, pets ok. Lease would start May 1 for one year. message if interested.", "author_id": "10153233867051663"}, {"category": "Others", "picture": "", "title": "raspberry Pi+wifi adaptor+sd card +hdmi-vga cable ...", "author_name": "Jin Xu", "post_id": "199456403537988_450636708419955", "link_to_post": null, "date": "2015-03-18T00:03:52+0000", "message": "raspberry Pi+wifi adaptor+sd card +hdmi-vga cable", "author_id": "10204174228620204"}, {"category": "Others", "picture": "https://scontent.xx.fbcdn.net/hphotos-xtp1/v/t1.0-9/s130x130/11064707_10204221850050710_8319329643093688466_n.jpg?oh=fedb0e2b2d819c5518293eb702942707&oe=55A9F1CB", "title": " ...", "author_name": "Jin Xu", "post_id": "199456403537988_450636505086642", "link_to_post": "https://www.facebook.com/photo.php?fbid=10204221850050710&set=gm.450636505086642&type=1", "date": "2015-03-18T00:02:43+0000", "message": "", "author_id": "10204174228620204"}, {"category": "Housing", "picture": "", "title": "Hey! This might not be the right group to post ...", "author_name": "Sneha Gorantala", "post_id": "199456403537988_450582108425415", "link_to_post": null, "date": "2015-03-17T20:49:22+0000", "message": "Hey!\nThis might not be the right group to post in but I was wondering if there are any girls that are planning to stay at the GLC or 10th and Home for the fall semester and don't have roommates yet?", "author_id": "10152625995941556"}, {"category": "Others", "picture": "https://fbcdn-sphotos-h-a.akamaihd.net/hphotos-ak-xfp1/v/t1.0-9/s130x130/11060293_10203785304214368_1340227970461604770_n.jpg?oh=c69e7da926d7186816c1b5193ef0534c&oe=557D404B&__gda__=1434028722_c4856bfdc0a64d730302c01dde458bfb", "title": "Brown Ankle boots for sale, never worn, ordered online and ...", "author_name": "Parisa Khanipour", "post_id": "199456403537988_450493871767572", "link_to_post": "https://www.facebook.com/photo.php?fbid=10203785304214368&set=gm.450493871767572&type=1", "date": "2015-03-17T16:43:15+0000", "message": "Brown Ankle boots for sale, never worn, ordered online and the size is small for me. Size: 8 US, 39 EU. Price: $35", "author_id": "10203812542255302"}, {"category": "Electronics & Computers", "picture": "https://fbcdn-sphotos-g-a.akamaihd.net/hphotos-ak-xpa1/v/t1.0-9/s130x130/10440108_10203785295214143_6213867396588416997_n.jpg?oh=665e1e97efbc9f6c43ff1d2d13624c81&oe=5579A580&__gda__=1433569151_4ca0848939bf2eb0154c3e39ad1e8d1f", "title": "Items for sale: - Apple Magic Trackpad (new / sealed) ...", "author_name": "Parisa Khanipour", "post_id": "199456403537988_450492501767709", "link_to_post": "https://www.facebook.com/photo.php?fbid=10203785295214143&set=gm.450492501767709&type=1", "date": "2015-03-17T16:37:45+0000", "message": "Items for sale:\n- Apple Magic Trackpad (new / sealed)\n- Apple Wireless Keyboard (new / sealed)", "author_id": "10203812542255302"}, {"category": "Housing", "picture": "", "title": "Soo I signed the contract for UHouse for next year ...", "author_name": "Aashay Anaokar", "post_id": "199456403537988_450219481795011", "link_to_post": null, "date": "2015-03-17T03:00:25+0000", "message": "Soo I signed the contract for UHouse for next year but turns out I'm probably studying abroad and hence it no longer makes sense for me. So if you are planning to stay at UHouse next year but have not yet signed the contract, please take my room, I will pay the transfer fee AND give you 50 dollars for free :) ! It's on the 10th floor and the rent should be around 870 a month.", "author_id": "10153112533277856"}, {"category": "Others", "picture": "", "title": "WTB a cheap scientific calculator. Can pick up on campus ...", "author_name": "Jason Fernando", "post_id": "199456403537988_450198891797070", "link_to_post": null, "date": "2015-03-17T01:27:34+0000", "message": "WTB a cheap scientific calculator. Can pick up on campus", "author_id": "10152562976781755"}, {"category": "Others", "picture": "", "title": "Selling graduation gown 5\"0 to 5\"2 $40 ...", "author_name": "Filia Martini", "post_id": "199456403537988_450175881799371", "link_to_post": null, "date": "2015-03-16T23:54:01+0000", "message": "Selling graduation gown 5\"0 to 5\"2 $40", "author_id": "940093842681714"}, {"category": "Others", "picture": "https://fbcdn-sphotos-g-a.akamaihd.net/hphotos-ak-xpa1/v/t1.0-9/s130x130/11057850_859089507470973_8527918182277701613_n.jpg?oh=edf2ef1529ad48ad1e1968dca7d5a168&oe=55ABFD9F&__gda__=1437154681_38ab2824158c03c8ffe71d2ae14f70e1", "title": "I found this on west campus. I am leaving Atl ...", "author_name": "Robert Beard", "post_id": "199456403537988_450151568468469", "link_to_post": "https://www.facebook.com/photo.php?fbid=859089507470973&set=gm.450151568468469&type=1", "date": "2015-03-16T22:05:44+0000", "message": "I found this on west campus. I am leaving Atl today so i left it at GTPD.", "author_id": "861728130540444"}, {"category": "Home, Garden & Tools", "picture": "", "title": "Does anyone have a twin size bed frame and mattress ...", "author_name": "Liyang Wan", "post_id": "199456403537988_450148758468750", "link_to_post": null, "date": "2015-03-16T21:53:02+0000", "message": "Does anyone have a twin size bed frame and mattress for sale?", "author_id": "388180454717162"}, {"category": "Housing", "picture": "", "title": "Looking to rent a room in fall 2015. I have ...", "author_name": "Megan Shew", "post_id": "199456403537988_450142061802753", "link_to_post": null, "date": "2015-03-16T21:19:56+0000", "message": "Looking to rent a room in fall 2015. I have a small ten pound, well behaved, crate trained dog.", "author_id": "10153136699225789"}, {"category": "Others", "picture": "", "title": "Dumb question but is the master sword still up for ...", "author_name": "Jheewon Chun", "post_id": "199456403537988_450141041802855", "link_to_post": null, "date": "2015-03-16T21:16:21+0000", "message": "Dumb question but is the master sword still up for sale?", "author_id": "10155311533170623"}, {"category": "Electronics & Computers", "picture": "", "title": "If anyone has found a blue and black backpack, let ...", "author_name": "Caleb Ditchfield", "post_id": "199456403537988_450138645136428", "link_to_post": null, "date": "2015-03-16T21:10:57+0000", "message": "If anyone has found a blue and black backpack, let me know. Somehow my laptop and papers got left on a bus and returned but not the backpack...", "author_id": "954316371245640"}, {"category": "Others", "picture": "https://fbcdn-sphotos-e-a.akamaihd.net/hphotos-ak-xpa1/v/t1.0-9/s130x130/10458333_10152891181093800_8186828928402358238_n.jpg?oh=f6c9dc90e69ed5d0291793151e24be62&oe=55803AB1&__gda__=1434152782_30d9f50afb00cf38c64e8b074d63b1ad", "title": "Selling movie ticket: Second Best Exotic Marigold hotel at Atlantic ...", "author_name": "Brian Lee", "post_id": "199456403537988_450117425138550", "link_to_post": "https://www.facebook.com/photo.php?fbid=10152891181093800&set=gm.450117425138550&type=1", "date": "2015-03-16T19:39:02+0000", "message": "Selling movie ticket: Second Best Exotic Marigold hotel at Atlantic Station on 3/16/15 4:40pm. Selling for $5.", "author_id": "10152870219773800"}, {"category": "Electronics & Computers", "picture": "https://scontent.xx.fbcdn.net/hphotos-xap1/v/t1.0-9/s130x130/10518986_819134814800716_8077674855710092016_n.jpg?oh=e7e3f1e16cb267dd11171048f0e5e8f9&oe=557639E8", "title": "Great TV stand. I think it's IKEA. It's light grey. ...", "author_name": "Brian Sanner", "post_id": "199456403537988_450116991805260", "link_to_post": "https://www.facebook.com/photo.php?fbid=819134814800716&set=gm.450116991805260&type=1", "date": "2015-03-16T19:37:12+0000", "message": "Great TV stand. I think it's IKEA. It's light grey. $35 or best offer. I had a 55\" LED tv on it and it was a good fit.", "author_id": "808941879153343"}, {"category": "Others", "picture": "", "title": "Looking for a place to live for Fall 2015 and ...", "author_name": "Renaid Kim", "post_id": "199456403537988_450092158474410", "link_to_post": null, "date": "2015-03-16T18:15:59+0000", "message": "Looking for a place to live for Fall 2015 and Spring 2016. Preferably walking distance but doesn't have to be.", "author_id": "341936506016984"}, {"category": "Housing", "picture": "", "title": "Looking for somebody to sublease my room for the summer. ...", "author_name": "Sunnie Chason", "post_id": "199456403537988_450079728475653", "link_to_post": null, "date": "2015-03-16T17:29:11+0000", "message": "Looking for somebody to sublease my room for the summer. The room is in a two bedroom, 2 bath apartment at Westmar Lofts. Rent is $850/month (utilities included) and is negotiable. The room is available anytime starting now with the lease ending at the end of July. Some of the apartment perks include: \n\n- Clean, quiet, female roommate \n-Large, private bathroom with a shower/tub combo\n-Access to an awesome gym, pool, running track, game room, and mini market. \n-Bus service that runs to several lo", "author_id": "983695841640777"}, {"category": "Home, Garden & Tools", "picture": "", "title": "Selling the following books. PM me if interested. Linear and ...", "author_name": "Bibha Sharma", "post_id": "199456403537988_450079478475678", "link_to_post": null, "date": "2015-03-16T17:28:27+0000", "message": "Selling the following books. PM me if interested. \n\nLinear and Discrete Mathematics (Math 2602) - $10\nUnderstanding Textiles (PTFE 3720) - $40\nIndustrial Organization (Econ 4350) - $30\nProduction & Operations Analysis (ISyE 3044) - $50\nShort Staple Yarn Manufacturing (PTFE 3200) - $40\n\nI have all the books for the ISyE courses. I am willing to negotiate.", "author_id": "10206242736127724"}, {"category": "Others", "picture": "", "title": "Curtains - $20 Shower curtain - $10 ...", "author_name": "Rachel Meltzer", "post_id": "199456403537988_450066361810323", "link_to_post": null, "date": "2015-03-16T16:38:21+0000", "message": "Curtains - $20\nShower curtain - $10", "author_id": "10152627552046300"}, {"category": "Housing", "picture": "https://fbexternal-a.akamaihd.net/safe_image.php?d=AQD6dHOtu306uKVt&w=130&h=130&url=http%3A%2F%2Fcdn.rentcafe.com%2Fdmslivecafe%2F3%2F214031%2FGA_Atlanta_AtlanticSquare_p0220734_13_image14_1_PhotoGallery.jpg%3Fcrop%3D%25280%252C0%252C300%252C222%2529%26cropxunits%3D300%26cropyunits%3D222&cfs=1", "title": "Subleasing for Summer: (May - August) - 2 Bedroom - ...", "author_name": "Tanmay Sapkal", "post_id": "199456403537988_450064871810472", "link_to_post": "http://www.atlanticsquareapartments.com/photogallery.aspx", "date": "2015-03-16T16:31:22+0000", "message": "Subleasing for Summer: (May - August)\n\n- 2 Bedroom - 2 Bath apartment (470 16th Street NW).\n- Partially furnished with couch, chair, tables and mattresses.\n- Pool, Gym\n- Right next Georgia Tech Stinger bus stop and IKEA\n- 5 mins walk from Atlantic Station, Target, Publix, and Bangaladeshi Store\n- A communal activity room with couches, LCD TV's. (Sometimes free food too)\n- WiFi\n- Microwave, Washer/Dryer, Dishwasher, Refrigerator\nIf you are interested in cooking we have all the material you'll nee", "author_id": "10203716864189015"}, {"category": "Others", "picture": "", "title": "looking to borrow/rent a men's hiking backpack for the upcoming ...", "author_name": "Daniel Son", "post_id": "199456403537988_450050031811956", "link_to_post": null, "date": "2015-03-16T15:45:19+0000", "message": "looking to borrow/rent a men's hiking backpack for the upcoming weekend! (3/21-3/22)\nREI ran out by the time i checked last week :/\nhelp?", "author_id": "10204803834793297"}, {"category": "Others", "picture": "", "title": "anybody know where i can buy AFFORDABLE (NOT CHEAP) tire? ...", "author_name": "Stanley J. Cantrell", "post_id": "199456403537988_450042085146084", "link_to_post": null, "date": "2015-03-16T15:21:15+0000", "message": "anybody know where i can buy AFFORDABLE (NOT CHEAP) tire?", "author_id": "807341862680411"}, {"category": "Others", "picture": "", "title": "looking for 3 extra afternoon graduation tickets, message me ...", "author_name": "Sanchari Roy", "post_id": "199456403537988_450012281815731", "link_to_post": null, "date": "2015-03-16T14:00:17+0000", "message": "looking for 3 extra afternoon graduation tickets, message me", "author_id": "10155319029060524"}, {"category": "Others", "picture": "", "title": "Looking for an ironing board! ...", "author_name": "Karan Suraj", "post_id": "199456403537988_449961848487441", "link_to_post": null, "date": "2015-03-16T11:43:36+0000", "message": "Looking for an ironing board!", "author_id": "10153673249349447"}, {"category": "Electronics & Computers", "picture": "", "title": "Anyone replace iPhone 5 screens? Or know a reliable source ...", "author_name": "Stephen Burkot", "post_id": "199456403537988_449891001827859", "link_to_post": null, "date": "2015-03-16T06:51:02+0000", "message": "Anyone replace iPhone 5 screens? Or know a reliable source to do it?", "author_id": "10153732343221029"}, {"category": "Others", "picture": "", "title": "Buying a Rubik's cube 3x3x3. ...", "author_name": "Sim Them An Banh", "post_id": "199456403537988_449886955161597", "link_to_post": null, "date": "2015-03-16T06:26:54+0000", "message": "Buying a Rubik's cube 3x3x3.", "author_id": "1572442959679418"}, {"category": "Home, Garden & Tools", "picture": "", "title": "Couch and table/chairs for sale! Couch is from West Elm, ...", "author_name": "Jennifer Richards", "post_id": "199456403537988_449816261835333", "link_to_post": null, "date": "2015-03-16T01:52:05+0000", "message": "Couch and table/chairs for sale!\n\nCouch is from West Elm, 3 years old, selling for $400 (original price >$1200).\nTable + 4 chairs is solid wood, refinished by me 2 years ago, selling for $200.", "author_id": "10101998885020206"}, {"category": "Others", "picture": "https://fbcdn-sphotos-e-a.akamaihd.net/hphotos-ak-xpf1/v/t1.0-9/q84/s130x130/19183_1049439495073243_4471685955192197570_n.jpg?oh=187f4c576ad1d516d63725a7939d538d&oe=55B93DD7&__gda__=1437269185_c4a2bd8318fb36dc1941a74ea15d917b", "title": "Hey guys, I'm looking for a new home for my ...", "author_name": "Wesley Samples", "post_id": "199456403537988_449800748503551", "link_to_post": "https://www.facebook.com/photo.php?fbid=1049439495073243&set=gm.449800748503551&type=1", "date": "2015-03-16T00:39:55+0000", "message": "Hey guys, I'm looking for a new home for my 2nd Generation iPad Mini 32GB. It's very new and has only been used a handful of times! I bought it for school and ended up not using it at all. Asking $350 but very willing to negotiate.", "author_id": "1044550258895500"}, {"category": "Motorcycles, Scooters & Cars", "picture": "", "title": "looking for a decent bike at an affordable price. Please ...", "author_name": "Minh-Tram Nguyen", "post_id": "199456403537988_449792685171024", "link_to_post": null, "date": "2015-03-15T23:59:20+0000", "message": "looking for a decent bike at an affordable price. Please msg me asap, thanks!", "author_id": "1069484859735710"}, {"category": "Tickets", "picture": "", "title": "Looking for someone who has an extra graduation ticket to ...", "author_name": "Kimberly Vu", "post_id": "199456403537988_449784125171880", "link_to_post": null, "date": "2015-03-15T23:15:37+0000", "message": "Looking for someone who has an extra graduation ticket to sell. Just one.", "author_id": "10153169567201624"}, {"category": "Electronics & Computers", "picture": "", "title": "Looking for iPhone 5c tmobile ...", "author_name": "Ahmed Alsahli", "post_id": "199456403537988_449773138506312", "link_to_post": null, "date": "2015-03-15T22:20:19+0000", "message": "Looking for iPhone 5c tmobile", "author_id": "496088383875991"}, {"category": "Others", "picture": "", "title": "Selling graduation gown 5\"0 to 5\"2 for $40 ...", "author_name": "Filia Martini", "post_id": "199456403537988_449744305175862", "link_to_post": null, "date": "2015-03-15T20:29:37+0000", "message": "Selling graduation gown 5\"0 to 5\"2 for $40", "author_id": "940093842681714"}, {"category": "Tickets", "picture": "", "title": "If anyone has an extra graduation ticket they'd be willing ...", "author_name": "Frankie Gibase", "post_id": "199456403537988_449720535178239", "link_to_post": null, "date": "2015-03-15T18:58:41+0000", "message": "If anyone has an extra graduation ticket they'd be willing to sell, let me know. Just need one, thanks.", "author_id": "10206272535435067"}, {"category": "Housing", "picture": "", "title": "Looking to rent a room, seeking female roommate. In an ...", "author_name": "Candace Spike Seda", "post_id": "199456403537988_449712128512413", "link_to_post": null, "date": "2015-03-15T18:25:01+0000", "message": "Looking to rent a room, seeking female roommate.\nIn an apartment/condo in the Downtown/Midtown Area.\nPreferably under $900 rent (including utilities)\nPreferably move in before graduation (late april), and have a year lease.\n\nTag people who may have an offer, and message me! :D", "author_id": "10205126164127348"}, {"category": "Others", "picture": "", "title": "Selling an almost-new (used maybe 2 times) Ti-89. Price is ...", "author_name": "Kamakshi Malhotra", "post_id": "199456403537988_449699558513670", "link_to_post": null, "date": "2015-03-15T17:54:20+0000", "message": "Selling an almost-new (used maybe 2 times) Ti-89. Price is negotiable. Message me if you're interested :)", "author_id": "10205638895246068"}, {"category": "Electronics & Computers", "picture": "", "title": "anyone has an old ATT iPhone or galaxy they want ...", "author_name": "Weipeng Zhuo", "post_id": "199456403537988_449696118514014", "link_to_post": null, "date": "2015-03-15T17:40:39+0000", "message": "anyone has an old ATT iPhone or galaxy they want to sell? budget $50", "author_id": "10153072776392752"}, {"category": "Others", "picture": "https://scontent.xx.fbcdn.net/hphotos-xat1/v/t1.0-9/s130x130/10341715_10153807390395260_1042268752188179135_n.jpg?oh=548308a605b71b35f99b22e2e53d60ab&oe=55713A31", "title": "Selling a Queen-size Bed Frame and Box Spring, in very ...", "author_name": "Andrew Lam", "post_id": "199456403537988_449687075181585", "link_to_post": "https://www.facebook.com/photo.php?fbid=10153807390395260&set=gm.449687075181585&type=1", "date": "2015-03-15T17:23:08+0000", "message": "Selling a Queen-size Bed Frame and Box Spring, in very good condition. Bed frame is metal, black finish, with lockable wheels. Box spring is the standard kind. Pick up only (Buckhead), for $125.", "author_id": "10153793448370260"}, {"category": "Others", "picture": "https://fbexternal-a.akamaihd.net/safe_image.php?d=AQCB7GCkskn9smg2&w=130&h=130&url=http%3A%2F%2Fecx.images-amazon.com%2Fimages%2FI%2F411qhLDmJvL._SS500_.jpg&cfs=1", "title": "Selling a brand new Dyson DC39 Canister Vacuum Cleaner Bought ...", "author_name": "Pantani Liu", "post_id": "199456403537988_449683228515303", "link_to_post": "http://www.amazon.com/gp/product/B00JPPO6LA/ref=pd_lpo_sbs_dp_ss_1?pf_rd_p=1944687582&pf_rd_s=lpo-top-stripe-1&pf_rd_t=201&pf_rd_i=B0076ZGC04&pf_rd_m=ATVPDKIKX0DER&pf_rd_r=0MBPEC9YMBE0CPRD5EBR", "date": "2015-03-15T17:15:53+0000", "message": "Selling a brand new Dyson DC39 Canister Vacuum Cleaner\nBought it but never used, never take it out of the box or turn it on. Don't need it anymore.\nAsking for $320. (It's $350 on Amazon now)\nLocal pick up only, no shipping or delivery.\nThank you.", "author_id": "10204448494986999"}, {"category": "Electronics & Computers", "picture": "", "title": "Moving out at the end of this month. All household ...", "author_name": "Hridis Pal", "post_id": "199456403537988_449651328518493", "link_to_post": null, "date": "2015-03-15T15:54:14+0000", "message": "Moving out at the end of this month. All household items up for sale/grabs. Here's the list. All the items below are in very good condition and the prices range from 40% to 60% of original (pm me):\nIkea Full Malm Bed with slats-$100\nAdjustable study chair-$5\nNightstand-$20\nFuton-$50\nStandard 5 rack book shelf-$10\nCoffee table-$5\nCasio digital keyboard (WK 110 with 76 keys) with stand-$60\nRugs, lamps, kitchen appliances, and several other items-ranging from 50% of original price to free give-away", "author_id": "10205222868267005"}, {"category": "Home, Garden & Tools", "picture": "https://fbcdn-sphotos-g-a.akamaihd.net/hphotos-ak-xaf1/v/t1.0-9/s130x130/1484682_10204206332102771_2112108927256691604_n.jpg?oh=16bffca745cc6474c8f4b246715d217b&oe=55B81E7C&__gda__=1437152624_7ca5911e4e89b37ac5301be13f108249", "title": "Twin size mattress ...", "author_name": "Jin Xu", "post_id": "199456403537988_449585685191724", "link_to_post": "https://www.facebook.com/photo.php?fbid=10204206332102771&set=gm.449585685191724&type=1", "date": "2015-03-15T13:05:08+0000", "message": "Twin size mattress", "author_id": "10204174228620204"}, {"category": "Electronics & Computers", "picture": "https://fbcdn-sphotos-a-a.akamaihd.net/hphotos-ak-xpa1/v/t1.0-9/s130x130/10339621_719315714832766_1444892678523528407_n.jpg?oh=939aeccd449cbcb57b33158121cc0b8a&oe=557841B3&__gda__=1433928021_c407a267b9f3ad8cd1068e581ee5318c", "title": "Found a iPod shuffle at fifth street & Techwood Dr. ...", "author_name": "Tianhao Li", "post_id": "199456403537988_449420575208235", "link_to_post": "https://www.facebook.com/photo.php?fbid=719315714832766&set=gm.449420575208235&type=1", "date": "2015-03-15T05:49:05+0000", "message": "Found a iPod shuffle at fifth street & Techwood Dr. (Right next to trolley stop) Message me if this is yours.", "author_id": "723216547776016"}, {"category": "Others", "picture": "https://fbcdn-sphotos-c-a.akamaihd.net/hphotos-ak-xfa1/v/t1.0-9/s130x130/10559786_10204489195765670_9069575299689820985_n.jpg?oh=bcf85e940793696e99d22ce5849786aa&oe=55ABC025&__gda__=1438015355_10b2eb835f09c57170d8735ac3942d70", "title": " ...", "author_name": "Alli Shepherd", "post_id": "199456403537988_449367508546875", "link_to_post": "https://www.facebook.com/photo.php?fbid=10204489195765670&set=gm.449367428546883&type=1", "date": "2015-03-15T01:56:21+0000", "message": "", "author_id": "10204533799760742"}, {"category": "Others", "picture": "https://fbexternal-a.akamaihd.net/safe_image.php?d=AQDoBE7-ro0OzL2y&w=130&h=130&url=http%3A%2F%2Fcdn.medgestore.com%2Fimages%2Fproducts%2FAK2_P1%2FAK2_P1_GL_GRP-detail01-med.jpg&cfs=1", "title": "**Giving Away** the M-edge jacket for kindle 2. Unused. Light ...", "author_name": "Apoorva Salimath", "post_id": "199456403537988_449329675217325", "link_to_post": "http://www.medgestore.com/products/kindle2-platform.psp", "date": "2015-03-14T23:10:59+0000", "message": "**Giving Away** the M-edge jacket for kindle 2. Unused. Light off-white with tan strap. (top left in image in link) http://www.medgestore.com/products/kindle2-platform.psp", "author_id": "10104824668752078"}, {"category": "Others", "picture": "", "title": "Anyone willing to give away a tub of ice cream ...", "author_name": "Manotapa Bhaumik", "post_id": "199456403537988_449299911886968", "link_to_post": null, "date": "2015-03-14T21:01:53+0000", "message": "Anyone willing to give away a tub of ice cream as part of goodwill?", "author_id": "10153537025201729"}, {"category": "Others", "picture": "", "title": "Looking to buy a brand new one plus one or ...", "author_name": "Charlie Gan", "post_id": "199456403537988_449291338554492", "link_to_post": null, "date": "2015-03-14T20:29:08+0000", "message": "Looking to buy a brand new one plus one or an invite", "author_id": "10205203775005900"}, {"category": "Home, Garden & Tools", "picture": "https://scontent.xx.fbcdn.net/hphotos-xpf1/v/t1.0-9/s130x130/11037714_10153721547511982_8446330640152941542_n.jpg?oh=52324bc763549b28885ef8d2fb40ecf8&oe=55AAFAB0", "title": "Selling these home stuff !!! Mattress=$100 Desk + night table= ...", "author_name": "Angelita Hernandez", "post_id": "199456403537988_449264665223826", "link_to_post": "https://www.facebook.com/photo.php?fbid=10153721547511982&set=gm.449264665223826&type=1", "date": "2015-03-14T18:30:42+0000", "message": "Selling these home stuff !!! Mattress=$100 Desk + night table= $15", "author_id": "10153742801781982"}, {"category": "Motorcycles, Scooters & Cars", "picture": "", "title": "Anyone have a bike pump that I can use? Also, ...", "author_name": "Marco Cognetta", "post_id": "199456403537988_448888988594727", "link_to_post": null, "date": "2015-03-13T21:13:50+0000", "message": "Anyone have a bike pump that I can use?\n\nAlso, does anyone know if that GT Starter bike service is still available (they are supposed to have free tools we can use and stuff).\n\nThanks!", "author_id": "10153745869539012"}, {"category": "Others", "picture": "https://fbcdn-sphotos-c-a.akamaihd.net/hphotos-ak-xfp1/v/t1.0-9/s130x130/11009882_1054068954606780_1192647458773138310_n.jpg?oh=73806ce5bc377a5530c7002cf3afd142&oe=557D6EFF&__gda__=1437400366_3cb9388c2f8233be7ed91e8005d8af46", "title": "selling Bicycle+Helmet+Gloves+Lock+Air Blower all in 150$ ...", "author_name": "Abdulwhed Alabdlee", "post_id": "199456403537988_448879631928996", "link_to_post": "https://www.facebook.com/photo.php?fbid=1054068954606780&set=gm.448879631928996&type=1", "date": "2015-03-13T20:37:00+0000", "message": "selling Bicycle+Helmet+Gloves+Lock+Air Blower\nall in 150$", "author_id": "1059431594070516"}, {"category": "Housing", "picture": "", "title": "I'm looking for a 2/3 br house around Tech starting ...", "author_name": "Ansel Beacham", "post_id": "199456403537988_448812428602383", "link_to_post": null, "date": "2015-03-13T17:46:50+0000", "message": "I'm looking for a 2/3 br house around Tech starting in late July/ August. Message me if you have any info, thanks", "author_id": "10152639308467484"}, {"category": "Others", "picture": "https://fbcdn-sphotos-e-a.akamaihd.net/hphotos-ak-xft1/v/t1.0-9/q83/s130x130/1239039_10153665188159046_214110851911934462_n.jpg?oh=5cedaf047387c0bf8f9a9a312de35e72&oe=5574049B&__gda__=1437258436_c65298e5e34bfeba093da5bb96c43453", "title": "Hey all! We still have a ton of wood to ...", "author_name": "Sarah Biser", "post_id": "199456403537988_448786385271654", "link_to_post": "https://www.facebook.com/photo.php?fbid=10153665188159046&set=gm.448786385271654&type=1", "date": "2015-03-13T16:31:32+0000", "message": "Hey all! We still have a ton of wood to get rid of over at the college of architecture - come grab some! Tons of free 2x6s", "author_id": "10153689285554046"}, {"category": "Housing", "picture": "", "title": "Hello Everyone. I am joining Georgia Tech for this Summer. ...", "author_name": "Syed Hassan Ahmed", "post_id": "199456403537988_448651938618432", "link_to_post": null, "date": "2015-03-13T09:17:02+0000", "message": "Hello Everyone. \n\nI am joining Georgia Tech for this Summer. I require one furnished room very close to Gtech that means walking distance. :) \n\nI am coming there from South Korea as a visiting researcher for 3 months. \nTentative dates are: \n\nJune 15 - September 15, 2015. \n\nFeel free to contact me via FB. \n\nThanks in advance for offering good deals. \n\nVery Kind Regards, \nSyed Hassan Ahmed.", "author_id": "10206097363333536"}, {"category": "Housing", "picture": "", "title": "Hey, me and a friend are looking to sublease an ...", "author_name": "Thomas S. Gaines", "post_id": "199456403537988_448448351972124", "link_to_post": null, "date": "2015-03-13T03:18:16+0000", "message": "Hey, me and a friend are looking to sublease an apartment or house this Summer (May to end of July/beginning of August)\nWe're trying to find a place that's furnished, and ~$600, including utilities, per person. Any offers or info would help a lot!", "author_id": "811632745556406"}, {"category": "Others", "picture": "", "title": "anyone driving back from NC/passing through NC after spring break? ...", "author_name": "Brandon Cheng", "post_id": "199456403537988_448427918640834", "link_to_post": null, "date": "2015-03-13T02:08:22+0000", "message": "anyone driving back from NC/passing through NC after spring break? I'll split gas for a ride!", "author_id": "10153594504048943"}, {"category": "Housing", "picture": "", "title": "Urgent: Hi erveryone! I am looking for a furnished room ...", "author_name": "Krissi Nering", "post_id": "199456403537988_448396108644015", "link_to_post": null, "date": "2015-03-12T23:58:37+0000", "message": "Urgent:\nHi erveryone!\nI am looking for a furnished room to rent ASAP until August/September 2015.\nI am a student from germany and have moved now to Atlanta because of an internship.\nTo my person:\nI am a friendly tidy laid-back person, nonsmoker and easy to get along with. I already lived in a shared apartment so I am familiar with this and considerate when living with others.\nMy workplace will be between Buckhead and Lenox Station, so I am looking for a room close to it or with access to MARTA s", "author_id": "941858432499347"}, {"category": "Others", "picture": "https://fbexternal-a.akamaihd.net/safe_image.php?d=AQDqjKEkVM4T3HBS&w=130&h=130&url=https%3A%2F%2Fwww.pearlkite.com%2Fimages%2Fcolleges%2Fgt.png&cfs=1", "title": "Hey guys! I've just finished developing a startup called Pearl ...", "author_name": "Mike Avery", "post_id": "199456403537988_448319491985010", "link_to_post": "https://www.pearlkite.com/", "date": "2015-03-12T18:21:49+0000", "message": "Hey guys! I've just finished developing a startup called Pearl Kite. This website is basically a secure craigslist style marketplace that allows you to buy and sell items, find or become a tutor, all within your own college. I would love for you to take a look at the beta site and feel free to list anything you might want to sell. Plus, what's better than supporting a startup created by a Georgia Tech student!! Thanks guys! https://www.pearlkite.com", "author_id": "10153267151406802"}, {"category": "Others", "picture": "https://scontent.xx.fbcdn.net/hphotos-xpf1/v/t1.0-9/s130x130/11070533_10152880554628800_1105624328401116133_n.jpg?oh=b26bacba3c6c4795fa2616b3a8d3b91a&oe=557B7BF1", "title": "Selling Emerson Fridge Model CR 280. If you are interested ...", "author_name": "Brian Lee", "post_id": "199456403537988_447940512022908", "link_to_post": "https://www.facebook.com/photo.php?fbid=10152880554628800&set=gm.447940512022908&type=1", "date": "2015-03-12T02:01:50+0000", "message": "Selling Emerson Fridge Model CR 280. If you are interested pm me", "author_id": "10152870219773800"}, {"category": "Motorcycles, Scooters & Cars", "picture": "", "title": "Looking to buy a car below $2000. Ready to go ...", "author_name": "Kshitij Divekar", "post_id": "199456403537988_447882805362012", "link_to_post": null, "date": "2015-03-11T21:24:22+0000", "message": "Looking to buy a car below $2000. Ready to go up to $2500. Please message me with offers.", "author_id": "628078130670453"}, {"category": "Housing", "picture": "", "title": "Subleasing for Summer and/ or Fall 2015 Semester: I'm looking ...", "author_name": "Abhishek Patil", "post_id": "199456403537988_446917325458560", "link_to_post": null, "date": "2015-03-09T22:56:48+0000", "message": "Subleasing for Summer and/ or Fall 2015 Semester:\n\nI'm looking to SubLease my room at Westshire Place for the months of May-August and for entire Fall 2015 semester. It's just a 5-minute walk to Georgia Tech Campus and Clough Commons, few steps away from GLC- Clough shuttle and Stingerette pick-up;\nThe house is right behind the Graduate Living Center so totally safe.\n\nFully furnished: sofas, beds, study tables, washer-dryer, microwave, cooking utensils and material, awesome room-mates etc.\nBest ", "author_id": "973046779374661"}, {"category": "Others", "picture": "", "title": "Selling a pair of brand new classic hightop converse that's ...", "author_name": "Christopher Lee", "post_id": "199456403537988_446790488804577", "link_to_post": null, "date": "2015-03-09T15:58:04+0000", "message": "Selling a pair of brand new classic hightop converse that's just been collecting dust in my room. Size 8 in mens. Retail is 55 asking for 45 obo\n\nhttp://www.converse.com/regular/chuck-taylor-classic-colors/1J793_030.html", "author_id": "10206046076330911"}, {"category": "Housing", "picture": "", "title": "Subleasing: I'm looking to sublease my room on State Street, ...", "author_name": "Nitish Mhalgi", "post_id": "199456403537988_446366488846977", "link_to_post": null, "date": "2015-03-09T01:27:04+0000", "message": "Subleasing:\n\nI'm looking to sublease my room on State Street, for the May-August period. It's VERY close to Georgia Tech, with only a 5-minute walk from the campus, and is completely furnished, with a bed, study table, and a bedside table.\n\nThe rent is only 475 dollars, including all utilities for a private room. The house itself comes equipped with heating-cooling, microwave and washer-dryer. Please message me if you are interested.", "author_id": "10206213282919848"}, {"category": "Electronics & Computers", "picture": "", "title": "Buying an old phone. Can be a very basic android ...", "author_name": "Rahul Goel", "post_id": "199456403537988_446321842184775", "link_to_post": null, "date": "2015-03-08T22:46:00+0000", "message": "Buying an old phone. Can be a very basic android phone.", "author_id": "859513454091582"}, {"category": "Others", "picture": "", "title": "Anyone selling a TV? ...", "author_name": "Ridhima Gupta", "post_id": "199456403537988_434062020077424", "link_to_post": null, "date": "2015-02-08T21:54:17+0000", "message": "Anyone selling a TV?", "author_id": "10153226990339516"}, {"category": "Others", "picture": "https://fbcdn-sphotos-e-a.akamaihd.net/hphotos-ak-xpa1/v/t1.0-9/s130x130/10846463_887807941243638_194938276468173887_n.jpg?oh=2d26865b30fe7e40f48053465e3b3aea&oe=558081DD&__gda__=1433691658_929c0b9ae314582d4b283322618f5284", "title": " ...", "author_name": "Filia Martini", "post_id": "199456403537988_407271236089836", "link_to_post": "https://www.facebook.com/photo.php?fbid=887807941243638&set=gm.407271189423174&type=1", "date": "2014-12-14T16:18:18+0000", "message": "", "author_id": "940093842681714"}, {"category": "Clothing, Shoes & Jewelery", "picture": "https://scontent.xx.fbcdn.net/hphotos-xpa1/v/t1.0-9/s130x130/10868150_887807691243663_7341239323488422005_n.jpg?oh=b890784323b28f8ace767add874d2c03&oe=55B7D89A", "title": "1. Halloween Costume $7 size S , Alice in wonderland ...", "author_name": "Filia Martini", "post_id": "199456403537988_407271189423174", "link_to_post": "https://www.facebook.com/photo.php?fbid=887807691243663&set=gm.407271189423174&type=1", "date": "2014-12-14T16:18:16+0000", "message": "1. Halloween Costume $7 size S , Alice in wonderland\n2. Fur dress $5 size M\n3.GT sport shirt $7 size S\n4 jean coat $8 size xs New\n 5. Black coat size xs $7 New\n6 pink white strip blouse $5 size s New\n7 abercombie yellow $4 size S\n8 green shirt $3 size s New \n9 polkadot jacket $5 size M New\n10 light blue coat brand new $10\n11 pant size 2 best offer New\n12 pink dress $4 size s\n13 white dress $8 size s \n14 red Dress $5 Size s New\n15 hard rock shirt size xs $4 New\n16 gap hoodie $2 size s", "author_id": "940093842681714"}, {"category": "Others", "picture": "https://scontent.xx.fbcdn.net/hphotos-xpa1/v/t1.0-9/s130x130/10868150_887807691243663_7341239323488422005_n.jpg?oh=b890784323b28f8ace767add874d2c03&oe=55B7D89A", "title": " ...", "author_name": "Filia Martini", "post_id": "199456403537988_407271192756507", "link_to_post": "https://www.facebook.com/photo.php?fbid=887807691243663&set=gm.407271189423174&type=1", "date": "2014-12-14T16:18:16+0000", "message": "", "author_id": "940093842681714"}]