[
	{ 
	"title": "furniture",
	"price": 5.95, 
	"message":"This Item is freakin nice",
	"canPurchase": true,
	"soldOut": false,
	"picture":"http://abfwilmington.com/wp-content/uploads/2014/09/chair.png",
	"author":"Srinivas Tamada",
	"date": 1288323623406
	}, 
	{ 
	"title": "pikachu",
	"price": 5.95, 
	"message":"This Item is freakin nice",
	"canPurchase": true,
	"soldOut": false,
	"picture":"http://www.emoticonswallpapers.com/avatar/cartoons/Pikachu.gif",
	"author":"Srinivas Tamada",
	"date": 1288323623406
	}, 
	{ 
	"title": "Golden Lamp",
	"price": 5.95, 
	"message":"Some Text",
	"canPurchase": true,
	"soldOut": false,
	"picture":"http://a.deviantart.net/avatars/r/e/reckless-snowflake.png",
	"author":"Srinivas Tamada",
	"date": 1288323623406
	}
]